Year,state,Population
1960,Alabama,3266740
1961,Alabama,3302000
1962,Alabama,3358000
1963,Alabama,3347000
1964,Alabama,3407000
1965,Alabama,3462000
1966,Alabama,3517000
1967,Alabama,3540000
1968,Alabama,3566000
1969,Alabama,3531000
1970,Alabama,3444165
1971,Alabama,3479000
1972,Alabama,3510000
1973,Alabama,3539000
1974,Alabama,3577000
1975,Alabama,3614000
1976,Alabama,3665000
1977,Alabama,3690000
1978,Alabama,3742000
1979,Alabama,3769000
1980,Alabama,3861466
1981,Alabama,3916000
1982,Alabama,3943000
1983,Alabama,3959000
1984,Alabama,3990000
1985,Alabama,4021000
1986,Alabama,4053000
1987,Alabama,4083000
1988,Alabama,4127000
1989,Alabama,4118000
1990,Alabama,4040587
1991,Alabama,4089000
1992,Alabama,4136000
1993,Alabama,4187000
1994,Alabama,4219000
1995,Alabama,4253000
1996,Alabama,4273000
1997,Alabama,4319000
1998,Alabama,4352000
1999,Alabama,4369862
2000,Alabama,4447100
2001,Alabama,4468912
2002,Alabama,4478869
2003,Alabama,4503726
2004,Alabama,4525375
2005,Alabama,4548327
2006,Alabama,4599030
2007,Alabama,4627851
2008,Alabama,4677464
2009,Alabama,4708708
2010,Alabama,4785401
2011,Alabama,4803689
2012,Alabama,4822023
1960,Alaska,226167
1961,Alaska,234000
1962,Alaska,246000
1963,Alaska,248000
1964,Alaska,250000
1965,Alaska,253000
1966,Alaska,272000
1967,Alaska,272000
1968,Alaska,277000
1969,Alaska,282000
1970,Alaska,302173
1971,Alaska,313000
1972,Alaska,325000
1973,Alaska,330000
1974,Alaska,337000
1975,Alaska,352000
1976,Alaska,382000
1977,Alaska,407000
1978,Alaska,403000
1979,Alaska,406000
1980,Alaska,440142
1981,Alaska,412000
1982,Alaska,438000
1983,Alaska,479000
1984,Alaska,500000
1985,Alaska,521000
1986,Alaska,534000
1987,Alaska,525000
1988,Alaska,513000
1989,Alaska,527000
1990,Alaska,550043
1991,Alaska,570000
1992,Alaska,587000
1993,Alaska,599000
1994,Alaska,606000
1995,Alaska,604000
1996,Alaska,607000
1997,Alaska,609000
1998,Alaska,614000
1999,Alaska,619500
2000,Alaska,626932
2001,Alaska,633630
2002,Alaska,641482
2003,Alaska,648280
2004,Alaska,657755
2005,Alaska,663253
2006,Alaska,670053
2007,Alaska,683478
2008,Alaska,688125
2009,Alaska,698473
2010,Alaska,714146
2011,Alaska,723860
2012,Alaska,731449
1960,Arizona,1302161
1961,Arizona,1391000
1962,Arizona,1509000
1963,Arizona,1559000
1964,Arizona,1581000
1965,Arizona,1608000
1966,Arizona,1618000
1967,Arizona,1634000
1968,Arizona,1670000
1969,Arizona,1693000
1970,Arizona,1772482
1971,Arizona,1849000
1972,Arizona,1945000
1973,Arizona,2058000
1974,Arizona,2153000
1975,Arizona,2224000
1976,Arizona,2270000
1977,Arizona,2296000
1978,Arizona,2354000
1979,Arizona,2450000
1980,Arizona,2715357
1981,Arizona,2793000
1982,Arizona,2860000
1983,Arizona,2963000
1984,Arizona,3053000
1985,Arizona,3187000
1986,Arizona,3317000
1987,Arizona,3386000
1988,Arizona,3466000
1989,Arizona,3556000
1990,Arizona,3665228
1991,Arizona,3750000
1992,Arizona,3832000
1993,Arizona,3936000
1994,Arizona,4075000
1995,Arizona,4218000
1996,Arizona,4428000
1997,Arizona,4555000
1998,Arizona,4669000
1999,Arizona,4778332
2000,Arizona,5130632
2001,Arizona,5306966
2002,Arizona,5441125
2003,Arizona,5579222
2004,Arizona,5739879
2005,Arizona,5953007
2006,Arizona,6166318
2007,Arizona,6338755
2008,Arizona,6499377
2009,Arizona,6595778
2010,Arizona,6413158
2011,Arizona,6467315
2012,Arizona,6553255
1960,Arkansas,1786272
1961,Arkansas,1797000
1962,Arkansas,1823000
1963,Arkansas,1858000
1964,Arkansas,1933000
1965,Arkansas,1960000
1966,Arkansas,1955000
1967,Arkansas,1968000
1968,Arkansas,2012000
1969,Arkansas,1995000
1970,Arkansas,1923295
1971,Arkansas,1944000
1972,Arkansas,1978000
1973,Arkansas,2037000
1974,Arkansas,2062000
1975,Arkansas,2116000
1976,Arkansas,2109000
1977,Arkansas,2144000
1978,Arkansas,2186000
1979,Arkansas,2180000
1980,Arkansas,2284037
1981,Arkansas,2294000
1982,Arkansas,2291000
1983,Arkansas,2328000
1984,Arkansas,2349000
1985,Arkansas,2359000
1986,Arkansas,2372000
1987,Arkansas,2388000
1988,Arkansas,2422000
1989,Arkansas,2406000
1990,Arkansas,2350725
1991,Arkansas,2372000
1992,Arkansas,2399000
1993,Arkansas,2424000
1994,Arkansas,2453000
1995,Arkansas,2484000
1996,Arkansas,2510000
1997,Arkansas,2523000
1998,Arkansas,2538000
1999,Arkansas,2551373
2000,Arkansas,2673400
2001,Arkansas,2694698
2002,Arkansas,2706268
2003,Arkansas,2727774
2004,Arkansas,2750000
2005,Arkansas,2775708
2006,Arkansas,2810872
2007,Arkansas,2834797
2008,Arkansas,2867764
2009,Arkansas,2889450
2010,Arkansas,2921588
2011,Arkansas,2938582
2012,Arkansas,2949131
1960,California,15717204
1961,California,16397000
1962,California,16970000
1963,California,17590000
1964,California,18084000
1965,California,18602000
1966,California,18918000
1967,California,19153000
1968,California,19221000
1969,California,19443000
1970,California,19953134
1971,California,20223000
1972,California,20468000
1973,California,20601000
1974,California,20907000
1975,California,21185000
1976,California,21520000
1977,California,21896000
1978,California,22294000
1979,California,22696000
1980,California,23532680
1981,California,24159000
1982,California,24724000
1983,California,25174000
1984,California,25622000
1985,California,26365000
1986,California,26981000
1987,California,27663000
1988,California,28168000
1989,California,29063000
1990,California,29760021
1991,California,30380000
1992,California,30867000
1993,California,31211000
1994,California,31431000
1995,California,31589000
1996,California,31878000
1997,California,32268000
1998,California,32667000
1999,California,33145121
2000,California,33871648
2001,California,34600463
2002,California,35001986
2003,California,35462712
2004,California,35842038
2005,California,36154147
2006,California,36457549
2007,California,36553213
2008,California,36580371
2009,California,36961664
2010,California,37338198
2011,California,37683933
2012,California,38041430
1960,Colorado,1753947
1961,Colorado,1781000
1962,Colorado,1907000
1963,Colorado,1961000
1964,Colorado,1966000
1965,Colorado,1969000
1966,Colorado,1977000
1967,Colorado,1975000
1968,Colorado,2048000
1969,Colorado,2100000
1970,Colorado,2207259
1971,Colorado,2283000
1972,Colorado,2357000
1973,Colorado,2437000
1974,Colorado,2496000
1975,Colorado,2534000
1976,Colorado,2583000
1977,Colorado,2619000
1978,Colorado,2670000
1979,Colorado,2772000
1980,Colorado,2878407
1981,Colorado,2963000
1982,Colorado,3045000
1983,Colorado,3139000
1984,Colorado,3178000
1985,Colorado,3231000
1986,Colorado,3267000
1987,Colorado,3296000
1988,Colorado,3290000
1989,Colorado,3317000
1990,Colorado,3294394
1991,Colorado,3377000
1992,Colorado,3470000
1993,Colorado,3566000
1994,Colorado,3656000
1995,Colorado,3747000
1996,Colorado,3823000
1997,Colorado,3893000
1998,Colorado,3971000
1999,Colorado,4056133
2000,Colorado,4301261
2001,Colorado,4430989
2002,Colorado,4501051
2003,Colorado,4547633
2004,Colorado,4601821
2005,Colorado,4663295
2006,Colorado,4753377
2007,Colorado,4861515
2008,Colorado,4935213
2009,Colorado,5024748
2010,Colorado,5047692
2011,Colorado,5116302
2012,Colorado,5187582
1960,Connecticut,2535234
1961,Connecticut,2614000
1962,Connecticut,2597000
1963,Connecticut,2666000
1964,Connecticut,2766000
1965,Connecticut,2832000
1966,Connecticut,2875000
1967,Connecticut,2925000
1968,Connecticut,2959000
1969,Connecticut,3000000
1970,Connecticut,3032217
1971,Connecticut,3081000
1972,Connecticut,3082000
1973,Connecticut,3076000
1974,Connecticut,3088000
1975,Connecticut,3095000
1976,Connecticut,3117000
1977,Connecticut,3108000
1978,Connecticut,3099000
1979,Connecticut,3115000
1980,Connecticut,3095224
1981,Connecticut,3132000
1982,Connecticut,3153000
1983,Connecticut,3138000
1984,Connecticut,3154000
1985,Connecticut,3174000
1986,Connecticut,3189000
1987,Connecticut,3211000
1988,Connecticut,3241000
1989,Connecticut,3239000
1990,Connecticut,3287116
1991,Connecticut,3291000
1992,Connecticut,3281000
1993,Connecticut,3277000
1994,Connecticut,3275000
1995,Connecticut,3275000
1996,Connecticut,3274000
1997,Connecticut,3270000
1998,Connecticut,3274000
1999,Connecticut,3282031
2000,Connecticut,3405565
2001,Connecticut,3434602
2002,Connecticut,3458587
2003,Connecticut,3486960
2004,Connecticut,3498966
2005,Connecticut,3500701
2006,Connecticut,3504809
2007,Connecticut,3502309
2008,Connecticut,3502932
2009,Connecticut,3518288
2010,Connecticut,3575498
2011,Connecticut,3586717
2012,Connecticut,3590347
1960,Delaware,446292
1961,Delaware,458000
1962,Delaware,469000
1963,Delaware,476000
1964,Delaware,491000
1965,Delaware,505000
1966,Delaware,512000
1967,Delaware,524000
1968,Delaware,534000
1969,Delaware,540000
1970,Delaware,548104
1971,Delaware,558000
1972,Delaware,565000
1973,Delaware,576000
1974,Delaware,573000
1975,Delaware,579000
1976,Delaware,582000
1977,Delaware,582000
1978,Delaware,583000
1979,Delaware,582000
1980,Delaware,594779
1981,Delaware,598000
1982,Delaware,602000
1983,Delaware,606000
1984,Delaware,613000
1985,Delaware,622000
1986,Delaware,633000
1987,Delaware,644000
1988,Delaware,660000
1989,Delaware,673000
1990,Delaware,666168
1991,Delaware,680000
1992,Delaware,689000
1993,Delaware,700000
1994,Delaware,706000
1995,Delaware,717000
1996,Delaware,725000
1997,Delaware,732000
1998,Delaware,744000
1999,Delaware,753538
2000,Delaware,783600
2001,Delaware,796599
2002,Delaware,805945
2003,Delaware,818166
2004,Delaware,830069
2005,Delaware,841741
2006,Delaware,853476
2007,Delaware,864764
2008,Delaware,876211
2009,Delaware,885122
2010,Delaware,899792
2011,Delaware,908137
2012,Delaware,917092
1960,Florida,4951560
1961,Florida,5222000
1962,Florida,5459000
1963,Florida,5652000
1964,Florida,5705000
1965,Florida,5805000
1966,Florida,5941000
1967,Florida,5995000
1968,Florida,6160000
1969,Florida,6354000
1970,Florida,6789443
1971,Florida,7041000
1972,Florida,7259000
1973,Florida,7678000
1974,Florida,8090000
1975,Florida,8357000
1976,Florida,8421000
1977,Florida,8452000
1978,Florida,8594000
1979,Florida,8860000
1980,Florida,9567112
1981,Florida,10166000
1982,Florida,10416000
1983,Florida,10680000
1984,Florida,10976000
1985,Florida,11366000
1986,Florida,11675000
1987,Florida,12023000
1988,Florida,12377000
1989,Florida,12671000
1990,Florida,12937926
1991,Florida,13277000
1992,Florida,13488000
1993,Florida,13679000
1994,Florida,13953000
1995,Florida,14166000
1996,Florida,14400000
1997,Florida,14654000
1998,Florida,14916000
1999,Florida,15111244
2000,Florida,15982378
2001,Florida,16373330
2002,Florida,16691701
2003,Florida,16999181
2004,Florida,17385430
2005,Florida,17768191
2006,Florida,18089888
2007,Florida,18251243
2008,Florida,18423878
2009,Florida,18537969
2010,Florida,18838613
2011,Florida,19082262
2012,Florida,19317568
1960,Georgia,3943116
1961,Georgia,3987000
1962,Georgia,4100000
1963,Georgia,4140000
1964,Georgia,4294000
1965,Georgia,4357000
1966,Georgia,4459000
1967,Georgia,4509000
1968,Georgia,4588000
1969,Georgia,4641000
1970,Georgia,4589575
1971,Georgia,4664000
1972,Georgia,4720000
1973,Georgia,4786000
1974,Georgia,4882000
1975,Georgia,4926000
1976,Georgia,4970000
1977,Georgia,5048000
1978,Georgia,5084000
1979,Georgia,5118000
1980,Georgia,5400851
1981,Georgia,5569000
1982,Georgia,5639000
1983,Georgia,5732000
1984,Georgia,5837000
1985,Georgia,5976000
1986,Georgia,6104000
1987,Georgia,6222000
1988,Georgia,6401000
1989,Georgia,6436000
1990,Georgia,6478216
1991,Georgia,6623000
1992,Georgia,6751000
1993,Georgia,6917000
1994,Georgia,7055000
1995,Georgia,7201000
1996,Georgia,7353000
1997,Georgia,7486000
1998,Georgia,7642000
1999,Georgia,7788240
2000,Georgia,8186453
2001,Georgia,8405677
2002,Georgia,8544005
2003,Georgia,8676460
2004,Georgia,8918129
2005,Georgia,9132553
2006,Georgia,9363941
2007,Georgia,9544750
2008,Georgia,9697838
2009,Georgia,9829211
2010,Georgia,9712157
2011,Georgia,9812460
2012,Georgia,9919945
1960,Hawaii,632772
1961,Hawaii,657000
1962,Hawaii,693000
1963,Hawaii,694000
1964,Hawaii,701000
1965,Hawaii,711000
1966,Hawaii,718000
1967,Hawaii,739000
1968,Hawaii,778000
1969,Hawaii,794000
1970,Hawaii,769913
1971,Hawaii,789000
1972,Hawaii,809000
1973,Hawaii,832000
1974,Hawaii,847000
1975,Hawaii,865000
1976,Hawaii,887000
1977,Hawaii,895000
1978,Hawaii,897000
1979,Hawaii,915000
1980,Hawaii,964680
1981,Hawaii,979000
1982,Hawaii,994000
1983,Hawaii,1023000
1984,Hawaii,1039000
1985,Hawaii,1054000
1986,Hawaii,1062000
1987,Hawaii,1083000
1988,Hawaii,1093000
1989,Hawaii,1112000
1990,Hawaii,1108229
1991,Hawaii,1135000
1992,Hawaii,1160000
1993,Hawaii,1172000
1994,Hawaii,1179000
1995,Hawaii,1187000
1996,Hawaii,1184000
1997,Hawaii,1187000
1998,Hawaii,1193000
1999,Hawaii,1185497
2000,Hawaii,1211537
2001,Hawaii,1227024
2002,Hawaii,1240663
2003,Hawaii,1248755
2004,Hawaii,1262124
2005,Hawaii,1273278
2006,Hawaii,1285498
2007,Hawaii,1283388
2008,Hawaii,1287481
2009,Hawaii,1295178
2010,Hawaii,1363359
2011,Hawaii,1378129
2012,Hawaii,1392313
1960,Idaho,667191
1961,Idaho,684000
1962,Idaho,698000
1963,Idaho,713000
1964,Idaho,692000
1965,Idaho,692000
1966,Idaho,694000
1967,Idaho,699000
1968,Idaho,705000
1969,Idaho,718000
1970,Idaho,713008
1971,Idaho,732000
1972,Idaho,756000
1973,Idaho,770000
1974,Idaho,799000
1975,Idaho,820000
1976,Idaho,831000
1977,Idaho,857000
1978,Idaho,878000
1979,Idaho,905000
1980,Idaho,943629
1981,Idaho,959000
1982,Idaho,965000
1983,Idaho,989000
1984,Idaho,1001000
1985,Idaho,1005000
1986,Idaho,1003000
1987,Idaho,998000
1988,Idaho,999000
1989,Idaho,1014000
1990,Idaho,1006749
1991,Idaho,1039000
1992,Idaho,1067000
1993,Idaho,1099000
1994,Idaho,1133000
1995,Idaho,1163000
1996,Idaho,1189000
1997,Idaho,1210000
1998,Idaho,1229000
1999,Idaho,1251700
2000,Idaho,1293953
2001,Idaho,1320585
2002,Idaho,1343124
2003,Idaho,1367034
2004,Idaho,1395140
2005,Idaho,1429367
2006,Idaho,1466465
2007,Idaho,1499402
2008,Idaho,1527506
2009,Idaho,1545801
2010,Idaho,1571102
2011,Idaho,1583744
2012,Idaho,1595728
1960,Illinois,10081158
1961,Illinois,10258000
1962,Illinois,10146000
1963,Illinois,10182000
1964,Illinois,10489000
1965,Illinois,10644000
1966,Illinois,10722000
1967,Illinois,10893000
1968,Illinois,10974000
1969,Illinois,11047000
1970,Illinois,11113976
1971,Illinois,11196000
1972,Illinois,11251000
1973,Illinois,11236000
1974,Illinois,11131000
1975,Illinois,11145000
1976,Illinois,11229000
1977,Illinois,11245000
1978,Illinois,11243000
1979,Illinois,11230000
1980,Illinois,11355062
1981,Illinois,11455000
1982,Illinois,11448000
1983,Illinois,11486000
1984,Illinois,11511000
1985,Illinois,11535000
1986,Illinois,11533000
1987,Illinois,11582000
1988,Illinois,11544000
1989,Illinois,11658000
1990,Illinois,11430602
1991,Illinois,11543000
1992,Illinois,11631000
1993,Illinois,11697000
1994,Illinois,11752000
1995,Illinois,11830000
1996,Illinois,11847000
1997,Illinois,11896000
1998,Illinois,12045000
1999,Illinois,12128370
2000,Illinois,12419293
2001,Illinois,12520227
2002,Illinois,12586447
2003,Illinois,12649087
2004,Illinois,12712016
2005,Illinois,12765427
2006,Illinois,12831970
2007,Illinois,12852548
2008,Illinois,12842954
2009,Illinois,12910409
2010,Illinois,12841980
2011,Illinois,12859752
2012,Illinois,12875255
1960,Indiana,4662498
1961,Indiana,4711000
1962,Indiana,4715000
1963,Indiana,4694000
1964,Indiana,4825000
1965,Indiana,4885000
1966,Indiana,4918000
1967,Indiana,5000000
1968,Indiana,5067000
1969,Indiana,5118000
1970,Indiana,5193669
1971,Indiana,5274000
1972,Indiana,5291000
1973,Indiana,5316000
1974,Indiana,5330000
1975,Indiana,5311000
1976,Indiana,5302000
1977,Indiana,5330000
1978,Indiana,5374000
1979,Indiana,5400000
1980,Indiana,5461103
1981,Indiana,5466000
1982,Indiana,5471000
1983,Indiana,5479000
1984,Indiana,5498000
1985,Indiana,5499000
1986,Indiana,5504000
1987,Indiana,5531000
1988,Indiana,5575000
1989,Indiana,5593000
1990,Indiana,5544159
1991,Indiana,5610000
1992,Indiana,5662000
1993,Indiana,5713000
1994,Indiana,5752000
1995,Indiana,5803000
1996,Indiana,5841000
1997,Indiana,5864000
1998,Indiana,5899000
1999,Indiana,5942901
2000,Indiana,6080485
2001,Indiana,6126743
2002,Indiana,6156913
2003,Indiana,6199571
2004,Indiana,6226537
2005,Indiana,6266019
2006,Indiana,6313520
2007,Indiana,6345289
2008,Indiana,6388309
2009,Indiana,6423113
2010,Indiana,6490622
2011,Indiana,6516353
2012,Indiana,6537334
1960,Iowa,2757537
1961,Iowa,2779000
1962,Iowa,2777000
1963,Iowa,2780000
1964,Iowa,2756000
1965,Iowa,2760000
1966,Iowa,2747000
1967,Iowa,2753000
1968,Iowa,2748000
1969,Iowa,2781000
1970,Iowa,2825041
1971,Iowa,2852000
1972,Iowa,2883000
1973,Iowa,2904000
1974,Iowa,2855000
1975,Iowa,2870000
1976,Iowa,2870000
1977,Iowa,2879000
1978,Iowa,2896000
1979,Iowa,2903000
1980,Iowa,2907804
1981,Iowa,2897000
1982,Iowa,2905000
1983,Iowa,2905000
1984,Iowa,2910000
1985,Iowa,2884000
1986,Iowa,2851000
1987,Iowa,2834000
1988,Iowa,2834000
1989,Iowa,2840000
1990,Iowa,2776755
1991,Iowa,2795000
1992,Iowa,2812000
1993,Iowa,2814000
1994,Iowa,2829000
1995,Iowa,2842000
1996,Iowa,2852000
1997,Iowa,2852000
1998,Iowa,2862000
1999,Iowa,2869413
2000,Iowa,2926324
2001,Iowa,2931967
2002,Iowa,2935840
2003,Iowa,2941976
2004,Iowa,2952904
2005,Iowa,2965524
2006,Iowa,2982085
2007,Iowa,2988046
2008,Iowa,2993987
2009,Iowa,3007856
2010,Iowa,3050202
2011,Iowa,3064097
2012,Iowa,3074186
1960,Kansas,2178611
1961,Kansas,2194000
1962,Kansas,2219000
1963,Kansas,2225000
1964,Kansas,2225000
1965,Kansas,2234000
1966,Kansas,2250000
1967,Kansas,2275000
1968,Kansas,2303000
1969,Kansas,2321000
1970,Kansas,2249071
1971,Kansas,2258000
1972,Kansas,2258000
1973,Kansas,2279000
1974,Kansas,2270000
1975,Kansas,2267000
1976,Kansas,2310000
1977,Kansas,2326000
1978,Kansas,2348000
1979,Kansas,2369000
1980,Kansas,2354783
1981,Kansas,2381000
1982,Kansas,2408000
1983,Kansas,2425000
1984,Kansas,2438000
1985,Kansas,2450000
1986,Kansas,2461000
1987,Kansas,2476000
1988,Kansas,2487000
1989,Kansas,2513000
1990,Kansas,2477574
1991,Kansas,2495000
1992,Kansas,2523000
1993,Kansas,2531000
1994,Kansas,2554000
1995,Kansas,2565000
1996,Kansas,2572000
1997,Kansas,2595000
1998,Kansas,2629000
1999,Kansas,2654052
2000,Kansas,2688418
2001,Kansas,2702125
2002,Kansas,2711769
2003,Kansas,2724786
2004,Kansas,2733697
2005,Kansas,2748172
2006,Kansas,2764075
2007,Kansas,2775997
2008,Kansas,2797375
2009,Kansas,2818747
2010,Kansas,2859143
2011,Kansas,2870386
2012,Kansas,2885905
1960,Kentucky,3038156
1961,Kentucky,3076000
1962,Kentucky,3082000
1963,Kentucky,3095000
1964,Kentucky,3159000
1965,Kentucky,3179000
1966,Kentucky,3183000
1967,Kentucky,3189000
1968,Kentucky,3229000
1969,Kentucky,3232000
1970,Kentucky,3219311
1971,Kentucky,3282000
1972,Kentucky,3299000
1973,Kentucky,3342000
1974,Kentucky,3357000
1975,Kentucky,3396000
1976,Kentucky,3428000
1977,Kentucky,3458000
1978,Kentucky,3498000
1979,Kentucky,3527000
1980,Kentucky,3641479
1981,Kentucky,3661000
1982,Kentucky,3667000
1983,Kentucky,3714000
1984,Kentucky,3723000
1985,Kentucky,3726000
1986,Kentucky,3728000
1987,Kentucky,3727000
1988,Kentucky,3721000
1989,Kentucky,3727000
1990,Kentucky,3685296
1991,Kentucky,3713000
1992,Kentucky,3755000
1993,Kentucky,3789000
1994,Kentucky,3827000
1995,Kentucky,3860000
1996,Kentucky,3884000
1997,Kentucky,3908000
1998,Kentucky,3936000
1999,Kentucky,3960825
2000,Kentucky,4041769
2001,Kentucky,4068816
2002,Kentucky,4089822
2003,Kentucky,4118189
2004,Kentucky,4141835
2005,Kentucky,4172608
2006,Kentucky,4206074
2007,Kentucky,4241474
2008,Kentucky,4287931
2009,Kentucky,4314113
2010,Kentucky,4347223
2011,Kentucky,4366814
2012,Kentucky,4380415
1960,Louisiana,3257022
1961,Louisiana,3321000
1962,Louisiana,3330000
1963,Louisiana,3418000
1964,Louisiana,3468000
1965,Louisiana,3534000
1966,Louisiana,3603000
1967,Louisiana,3662000
1968,Louisiana,3732000
1969,Louisiana,3745000
1970,Louisiana,3643180
1971,Louisiana,3681000
1972,Louisiana,3720000
1973,Louisiana,3764000
1974,Louisiana,3764000
1975,Louisiana,3791000
1976,Louisiana,3841000
1977,Louisiana,3921000
1978,Louisiana,3966000
1979,Louisiana,4026000
1980,Louisiana,4199542
1981,Louisiana,4305000
1982,Louisiana,4362000
1983,Louisiana,4438000
1984,Louisiana,4462000
1985,Louisiana,4481000
1986,Louisiana,4501000
1987,Louisiana,4461000
1988,Louisiana,4420000
1989,Louisiana,4382000
1990,Louisiana,4219973
1991,Louisiana,4252000
1992,Louisiana,4287000
1993,Louisiana,4295000
1994,Louisiana,4315000
1995,Louisiana,4342000
1996,Louisiana,4351000
1997,Louisiana,4352000
1998,Louisiana,4369000
1999,Louisiana,4372035
2000,Louisiana,4468976
2001,Louisiana,4470368
2002,Louisiana,4476192
2003,Louisiana,4493665
2004,Louisiana,4506685
2005,Louisiana,4507331
2006,Louisiana,4287768
2007,Louisiana,4293204
2008,Louisiana,4451513
2009,Louisiana,4492076
2010,Louisiana,4545343
2011,Louisiana,4574766
2012,Louisiana,4601893
1960,Maine,969265
1961,Maine,992000
1962,Maine,999000
1963,Maine,982000
1964,Maine,989000
1965,Maine,993000
1966,Maine,983000
1967,Maine,973000
1968,Maine,979000
1969,Maine,978000
1970,Maine,993663
1971,Maine,1003000
1972,Maine,1029000
1973,Maine,1028000
1974,Maine,1047000
1975,Maine,1059000
1976,Maine,1070000
1977,Maine,1085000
1978,Maine,1091000
1979,Maine,1097000
1980,Maine,1123670
1981,Maine,1132000
1982,Maine,1133000
1983,Maine,1146000
1984,Maine,1156000
1985,Maine,1164000
1986,Maine,1174000
1987,Maine,1187000
1988,Maine,1206000
1989,Maine,1222000
1990,Maine,1227928
1991,Maine,1235000
1992,Maine,1235000
1993,Maine,1239000
1994,Maine,1240000
1995,Maine,1241000
1996,Maine,1243000
1997,Maine,1242000
1998,Maine,1244000
1999,Maine,1253040
2000,Maine,1274923
2001,Maine,1284470
2002,Maine,1294894
2003,Maine,1309205
2004,Maine,1314966
2005,Maine,1318220
2006,Maine,1321574
2007,Maine,1317207
2008,Maine,1319691
2009,Maine,1318301
2010,Maine,1327379
2011,Maine,1328544
2012,Maine,1329192
1960,Maryland,3100689
1961,Maryland,3188000
1962,Maryland,3191000
1963,Maryland,3289000
1964,Maryland,3432000
1965,Maryland,3519000
1966,Maryland,3613000
1967,Maryland,3682000
1968,Maryland,3757000
1969,Maryland,3765000
1970,Maryland,3922399
1971,Maryland,4000000
1972,Maryland,4056000
1973,Maryland,4070000
1974,Maryland,4094000
1975,Maryland,4098000
1976,Maryland,4144000
1977,Maryland,4139000
1978,Maryland,4143000
1979,Maryland,4149000
1980,Maryland,4192211
1981,Maryland,4261000
1982,Maryland,4265000
1983,Maryland,4304000
1984,Maryland,4349000
1985,Maryland,4392000
1986,Maryland,4463000
1987,Maryland,4535000
1988,Maryland,4644000
1989,Maryland,4694000
1990,Maryland,4781468
1991,Maryland,4860000
1992,Maryland,4908000
1993,Maryland,4965000
1994,Maryland,5006000
1995,Maryland,5042000
1996,Maryland,5072000
1997,Maryland,5094000
1998,Maryland,5135000
1999,Maryland,5171634
2000,Maryland,5296486
2001,Maryland,5386079
2002,Maryland,5450525
2003,Maryland,5512310
2004,Maryland,5561332
2005,Maryland,5589599
2006,Maryland,5615727
2007,Maryland,5618344
2008,Maryland,5658655
2009,Maryland,5699478
2010,Maryland,5785681
2011,Maryland,5839572
2012,Maryland,5884563
1960,Massachusetts,5148578
1961,Massachusetts,5234000
1962,Massachusetts,5161000
1963,Massachusetts,5218000
1964,Massachusetts,5338000
1965,Massachusetts,5348000
1966,Massachusetts,5383000
1967,Massachusetts,5421000
1968,Massachusetts,5437000
1969,Massachusetts,5467000
1970,Massachusetts,5689170
1971,Massachusetts,5758000
1972,Massachusetts,5787000
1973,Massachusetts,5818000
1974,Massachusetts,5800000
1975,Massachusetts,5828000
1976,Massachusetts,5809000
1977,Massachusetts,5782000
1978,Massachusetts,5774000
1979,Massachusetts,5769000
1980,Massachusetts,5728288
1981,Massachusetts,5770000
1982,Massachusetts,5781000
1983,Massachusetts,5767000
1984,Massachusetts,5798000
1985,Massachusetts,5822000
1986,Massachusetts,5832000
1987,Massachusetts,5855000
1988,Massachusetts,5871000
1989,Massachusetts,5913000
1990,Massachusetts,6016425
1991,Massachusetts,5996000
1992,Massachusetts,5998000
1993,Massachusetts,6012000
1994,Massachusetts,6041000
1995,Massachusetts,6074000
1996,Massachusetts,6092000
1997,Massachusetts,6118000
1998,Massachusetts,6147000
1999,Massachusetts,6175169
2000,Massachusetts,6349097
2001,Massachusetts,6401164
2002,Massachusetts,6421800
2003,Massachusetts,6420357
2004,Massachusetts,6407382
2005,Massachusetts,6433367
2006,Massachusetts,6437193
2007,Massachusetts,6449755
2008,Massachusetts,6543595
2009,Massachusetts,6593587
2010,Massachusetts,6555466
2011,Massachusetts,6607003
2012,Massachusetts,6646144
1960,Michigan,7823194
1961,Michigan,7954000
1962,Michigan,7991000
1963,Michigan,8116000
1964,Michigan,8098000
1965,Michigan,8218000
1966,Michigan,8374000
1967,Michigan,8584000
1968,Michigan,8740000
1969,Michigan,8766000
1970,Michigan,8875083
1971,Michigan,8997000
1972,Michigan,9082000
1973,Michigan,9044000
1974,Michigan,9098000
1975,Michigan,9157000
1976,Michigan,9104000
1977,Michigan,9129000
1978,Michigan,9189000
1979,Michigan,9208000
1980,Michigan,9228128
1981,Michigan,9201000
1982,Michigan,9109000
1983,Michigan,9069000
1984,Michigan,9075000
1985,Michigan,9088000
1986,Michigan,9145000
1987,Michigan,9200000
1988,Michigan,9300000
1989,Michigan,9273000
1990,Michigan,9295297
1991,Michigan,9368000
1992,Michigan,9437000
1993,Michigan,9478000
1994,Michigan,9496000
1995,Michigan,9549000
1996,Michigan,9594000
1997,Michigan,9774000
1998,Michigan,9817000
1999,Michigan,9863775
2000,Michigan,9938444
2001,Michigan,10006266
2002,Michigan,10043221
2003,Michigan,10082364
2004,Michigan,10104206
2005,Michigan,10100833
2006,Michigan,10095643
2007,Michigan,10071822
2008,Michigan,10002486
2009,Michigan,9969727
2010,Michigan,9877143
2011,Michigan,9876801
2012,Michigan,9883360
1960,Minnesota,3413864
1961,Minnesota,3470000
1962,Minnesota,3475000
1963,Minnesota,3500000
1964,Minnesota,3521000
1965,Minnesota,3554000
1966,Minnesota,3576000
1967,Minnesota,3582000
1968,Minnesota,3646000
1969,Minnesota,3700000
1970,Minnesota,3805069
1971,Minnesota,3881000
1972,Minnesota,3896000
1973,Minnesota,3897000
1974,Minnesota,3917000
1975,Minnesota,3926000
1976,Minnesota,3965000
1977,Minnesota,3975000
1978,Minnesota,4008000
1979,Minnesota,4060000
1980,Minnesota,4061235
1981,Minnesota,4090000
1982,Minnesota,4133000
1983,Minnesota,4144000
1984,Minnesota,4162000
1985,Minnesota,4193000
1986,Minnesota,4214000
1987,Minnesota,4246000
1988,Minnesota,4306000
1989,Minnesota,4353000
1990,Minnesota,4375099
1991,Minnesota,4432000
1992,Minnesota,4480000
1993,Minnesota,4517000
1994,Minnesota,4567000
1995,Minnesota,4610000
1996,Minnesota,4658000
1997,Minnesota,4686000
1998,Minnesota,4725000
1999,Minnesota,4775508
2000,Minnesota,4919479
2001,Minnesota,4984535
2002,Minnesota,5024791
2003,Minnesota,5064172
2004,Minnesota,5096546
2005,Minnesota,5126739
2006,Minnesota,5167101
2007,Minnesota,5197621
2008,Minnesota,5230567
2009,Minnesota,5266214
2010,Minnesota,5310658
2011,Minnesota,5347299
2012,Minnesota,5379139
1960,Mississippi,2178141
1961,Mississippi,2215000
1962,Mississippi,2248000
1963,Mississippi,2290000
1964,Mississippi,2314000
1965,Mississippi,2321000
1966,Mississippi,2327000
1967,Mississippi,2348000
1968,Mississippi,2342000
1969,Mississippi,2363000
1970,Mississippi,2216912
1971,Mississippi,2226000
1972,Mississippi,2263000
1973,Mississippi,2281000
1974,Mississippi,2324000
1975,Mississippi,2346000
1976,Mississippi,2354000
1977,Mississippi,2389000
1978,Mississippi,2404000
1979,Mississippi,2406000
1980,Mississippi,2511491
1981,Mississippi,2530000
1982,Mississippi,2551000
1983,Mississippi,2587000
1984,Mississippi,2598000
1985,Mississippi,2613000
1986,Mississippi,2625000
1987,Mississippi,2625000
1988,Mississippi,2627000
1989,Mississippi,2621000
1990,Mississippi,2573216
1991,Mississippi,2592000
1992,Mississippi,2614000
1993,Mississippi,2643000
1994,Mississippi,2669000
1995,Mississippi,2697000
1996,Mississippi,2716000
1997,Mississippi,2731000
1998,Mississippi,2752000
1999,Mississippi,2768619
2000,Mississippi,2844658
2001,Mississippi,2859733
2002,Mississippi,2866733
2003,Mississippi,2882594
2004,Mississippi,2900768
2005,Mississippi,2908496
2006,Mississippi,2910540
2007,Mississippi,2918785
2008,Mississippi,2940212
2009,Mississippi,2951996
2010,Mississippi,2970072
2011,Mississippi,2977457
2012,Mississippi,2984926
1960,Missouri,4319813
1961,Missouri,4378000
1962,Missouri,4346000
1963,Missouri,4328000
1964,Missouri,4409000
1965,Missouri,4497000
1966,Missouri,4508000
1967,Missouri,4603000
1968,Missouri,4627000
1969,Missouri,4651000
1970,Missouri,4677399
1971,Missouri,4749000
1972,Missouri,4753000
1973,Missouri,4757000
1974,Missouri,4777000
1975,Missouri,4763000
1976,Missouri,4778000
1977,Missouri,4801000
1978,Missouri,4860000
1979,Missouri,4868000
1980,Missouri,4901288
1981,Missouri,4938000
1982,Missouri,4951000
1983,Missouri,4970000
1984,Missouri,5008000
1985,Missouri,5029000
1986,Missouri,5066000
1987,Missouri,5103000
1988,Missouri,5139000
1989,Missouri,5159000
1990,Missouri,5117073
1991,Missouri,5158000
1992,Missouri,5193000
1993,Missouri,5234000
1994,Missouri,5278000
1995,Missouri,5324000
1996,Missouri,5359000
1997,Missouri,5402000
1998,Missouri,5439000
1999,Missouri,5468338
2000,Missouri,5595211
2001,Missouri,5637309
2002,Missouri,5669544
2003,Missouri,5719204
2004,Missouri,5759532
2005,Missouri,5797703
2006,Missouri,5842713
2007,Missouri,5878415
2008,Missouri,5956335
2009,Missouri,5987580
2010,Missouri,5995715
2011,Missouri,6008984
2012,Missouri,6021988
1960,Montana,674767
1961,Montana,682000
1962,Montana,709000
1963,Montana,707000
1964,Montana,705000
1965,Montana,706000
1966,Montana,702000
1967,Montana,701000
1968,Montana,693000
1969,Montana,694000
1970,Montana,694409
1971,Montana,708000
1972,Montana,719000
1973,Montana,721000
1974,Montana,735000
1975,Montana,748000
1976,Montana,753000
1977,Montana,761000
1978,Montana,785000
1979,Montana,786000
1980,Montana,781592
1981,Montana,792000
1982,Montana,801000
1983,Montana,817000
1984,Montana,824000
1985,Montana,826000
1986,Montana,819000
1987,Montana,809000
1988,Montana,804000
1989,Montana,806000
1990,Montana,799065
1991,Montana,808000
1992,Montana,824000
1993,Montana,839000
1994,Montana,856000
1995,Montana,870000
1996,Montana,879000
1997,Montana,879000
1998,Montana,880000
1999,Montana,882779
2000,Montana,902195
2001,Montana,905382
2002,Montana,910372
2003,Montana,918157
2004,Montana,926920
2005,Montana,934737
2006,Montana,944632
2007,Montana,957861
2008,Montana,968035
2009,Montana,974989
2010,Montana,990958
2011,Montana,997677
2012,Montana,1005141
1960,Nebraska,1411330
1961,Nebraska,1431000
1962,Nebraska,1484000
1963,Nebraska,1460000
1964,Nebraska,1480000
1965,Nebraska,1477000
1966,Nebraska,1456000
1967,Nebraska,1435000
1968,Nebraska,1437000
1969,Nebraska,1449000
1970,Nebraska,1483791
1971,Nebraska,1512000
1972,Nebraska,1525000
1973,Nebraska,1542000
1974,Nebraska,1543000
1975,Nebraska,1546000
1976,Nebraska,1553000
1977,Nebraska,1561000
1978,Nebraska,1565000
1979,Nebraska,1574000
1980,Nebraska,1563921
1981,Nebraska,1576000
1982,Nebraska,1586000
1983,Nebraska,1597000
1984,Nebraska,1606000
1985,Nebraska,1606000
1986,Nebraska,1598000
1987,Nebraska,1594000
1988,Nebraska,1601000
1989,Nebraska,1611000
1990,Nebraska,1578385
1991,Nebraska,1593000
1992,Nebraska,1606000
1993,Nebraska,1607000
1994,Nebraska,1623000
1995,Nebraska,1637000
1996,Nebraska,1652000
1997,Nebraska,1657000
1998,Nebraska,1663000
1999,Nebraska,1666028
2000,Nebraska,1711263
2001,Nebraska,1720039
2002,Nebraska,1727564
2003,Nebraska,1737475
2004,Nebraska,1747704
2005,Nebraska,1758163
2006,Nebraska,1768331
2007,Nebraska,1774571
2008,Nebraska,1781949
2009,Nebraska,1796619
2010,Nebraska,1830141
2011,Nebraska,1842234
2012,Nebraska,1855525
1960,Nevada,285278
1961,Nevada,299000
1962,Nevada,335000
1963,Nevada,368000
1964,Nevada,408000
1965,Nevada,440000
1966,Nevada,454000
1967,Nevada,444000
1968,Nevada,453000
1969,Nevada,457000
1970,Nevada,488738
1971,Nevada,507000
1972,Nevada,527000
1973,Nevada,548000
1974,Nevada,573000
1975,Nevada,592000
1976,Nevada,610000
1977,Nevada,633000
1978,Nevada,660000
1979,Nevada,702000
1980,Nevada,800312
1981,Nevada,845000
1982,Nevada,881000
1983,Nevada,891000
1984,Nevada,911000
1985,Nevada,936000
1986,Nevada,963000
1987,Nevada,1007000
1988,Nevada,1060000
1989,Nevada,1111000
1990,Nevada,1201833
1991,Nevada,1284000
1992,Nevada,1327000
1993,Nevada,1389000
1994,Nevada,1457000
1995,Nevada,1530000
1996,Nevada,1603000
1997,Nevada,1677000
1998,Nevada,1747000
1999,Nevada,1809253
2000,Nevada,1998257
2001,Nevada,2097722
2002,Nevada,2167455
2003,Nevada,2242207
2004,Nevada,2332898
2005,Nevada,2412301
2006,Nevada,2495529
2007,Nevada,2565382
2008,Nevada,2615772
2009,Nevada,2643085
2010,Nevada,2704283
2011,Nevada,2720028
2012,Nevada,2758931
1960,New Hampshire,606921
1961,New Hampshire,621000
1962,New Hampshire,632000
1963,New Hampshire,627000
1964,New Hampshire,654000
1965,New Hampshire,669000
1966,New Hampshire,681000
1967,New Hampshire,686000
1968,New Hampshire,702000
1969,New Hampshire,717000
1970,New Hampshire,737681
1971,New Hampshire,762000
1972,New Hampshire,771000
1973,New Hampshire,791000
1974,New Hampshire,808000
1975,New Hampshire,818000
1976,New Hampshire,822000
1977,New Hampshire,849000
1978,New Hampshire,871000
1979,New Hampshire,887000
1980,New Hampshire,919114
1981,New Hampshire,935000
1982,New Hampshire,951000
1983,New Hampshire,959000
1984,New Hampshire,977000
1985,New Hampshire,998000
1986,New Hampshire,1027000
1987,New Hampshire,1057000
1988,New Hampshire,1097000
1989,New Hampshire,1107000
1990,New Hampshire,1109252
1991,New Hampshire,1105000
1992,New Hampshire,1111000
1993,New Hampshire,1125000
1994,New Hampshire,1137000
1995,New Hampshire,1148000
1996,New Hampshire,1162000
1997,New Hampshire,1173000
1998,New Hampshire,1185000
1999,New Hampshire,1201134
2000,New Hampshire,1235786
2001,New Hampshire,1259359
2002,New Hampshire,1274405
2003,New Hampshire,1288705
2004,New Hampshire,1299169
2005,New Hampshire,1306819
2006,New Hampshire,1314895
2007,New Hampshire,1315828
2008,New Hampshire,1321872
2009,New Hampshire,1324575
2010,New Hampshire,1316807
2011,New Hampshire,1317807
2012,New Hampshire,1320718
1960,New Jersey,6066782
1961,New Jersey,6244000
1962,New Jersey,6245000
1963,New Jersey,6470000
1964,New Jersey,6682000
1965,New Jersey,6774000
1966,New Jersey,6898000
1967,New Jersey,7003000
1968,New Jersey,7078000
1969,New Jersey,7148000
1970,New Jersey,7168164
1971,New Jersey,7300000
1972,New Jersey,7367000
1973,New Jersey,7361000
1974,New Jersey,7330000
1975,New Jersey,7316000
1976,New Jersey,7336000
1977,New Jersey,7329000
1978,New Jersey,7327000
1979,New Jersey,7332000
1980,New Jersey,7342164
1981,New Jersey,7401000
1982,New Jersey,7438000
1983,New Jersey,7468000
1984,New Jersey,7515000
1985,New Jersey,7562000
1986,New Jersey,7620000
1987,New Jersey,7672000
1988,New Jersey,7720000
1989,New Jersey,7736000
1990,New Jersey,7730188
1991,New Jersey,7760000
1992,New Jersey,7789000
1993,New Jersey,7879000
1994,New Jersey,7904000
1995,New Jersey,7945000
1996,New Jersey,7988000
1997,New Jersey,8053000
1998,New Jersey,8115000
1999,New Jersey,8143412
2000,New Jersey,8414350
2001,New Jersey,8511116
2002,New Jersey,8575252
2003,New Jersey,8642412
2004,New Jersey,8685166
2005,New Jersey,8703150
2006,New Jersey,8724560
2007,New Jersey,8685920
2008,New Jersey,8663398
2009,New Jersey,8707739
2010,New Jersey,8799593
2011,New Jersey,8834773
2012,New Jersey,8864590
1960,New Mexico,951023
1961,New Mexico,983000
1962,New Mexico,1020000
1963,New Mexico,1018000
1964,New Mexico,1008000
1965,New Mexico,1029000
1966,New Mexico,1022000
1967,New Mexico,1003000
1968,New Mexico,1015000
1969,New Mexico,994000
1970,New Mexico,1016000
1971,New Mexico,1030000
1972,New Mexico,1065000
1973,New Mexico,1106000
1974,New Mexico,1122000
1975,New Mexico,1147000
1976,New Mexico,1168000
1977,New Mexico,1190000
1978,New Mexico,1212000
1979,New Mexico,1241000
1980,New Mexico,1295474
1981,New Mexico,1327000
1982,New Mexico,1359000
1983,New Mexico,1399000
1984,New Mexico,1424000
1985,New Mexico,1450000
1986,New Mexico,1479000
1987,New Mexico,1500000
1988,New Mexico,1510000
1989,New Mexico,1528000
1990,New Mexico,1515069
1991,New Mexico,1548000
1992,New Mexico,1581000
1993,New Mexico,1616000
1994,New Mexico,1654000
1995,New Mexico,1685000
1996,New Mexico,1713000
1997,New Mexico,1730000
1998,New Mexico,1737000
1999,New Mexico,1739844
2000,New Mexico,1819046
2001,New Mexico,1830935
2002,New Mexico,1852044
2003,New Mexico,1878562
2004,New Mexico,1903006
2005,New Mexico,1925985
2006,New Mexico,1954599
2007,New Mexico,1969915
2008,New Mexico,1986763
2009,New Mexico,2009671
2010,New Mexico,2065913
2011,New Mexico,2078674
2012,New Mexico,2085538
1965,New York,18073000
1966,New York,18258000
1967,New York,18336000
1968,New York,18113000
1969,New York,18321000
1970,New York,18190740
1971,New York,18391000
1972,New York,18366000
1973,New York,18265000
1974,New York,18111000
1975,New York,18120000
1976,New York,18084000
1977,New York,17924000
1978,New York,17748000
1979,New York,17649000
1980,New York,17506690
1981,New York,17594000
1982,New York,17659000
1983,New York,17667000
1984,New York,17735000
1985,New York,17783000
1986,New York,17772000
1987,New York,17825000
1988,New York,17898000
1989,New York,17950000
1990,New York,17990455
1991,New York,18058000
1992,New York,18119000
1993,New York,18197000
1994,New York,18169000
1995,New York,18136000
1996,New York,18185000
1997,New York,18137000
1998,New York,18175000
1999,New York,18196601
2000,New York,18976457
2001,New York,19084350
2002,New York,19134293
2003,New York,19212425
2004,New York,19280727
2005,New York,19315721
2006,New York,19306183
2007,New York,19297729
2008,New York,19467789
2009,New York,19541453
2010,New York,19395206
2011,New York,19501616
2012,New York,19570261
1960,North Carolina,4556155
1961,North Carolina,4614000
1962,North Carolina,4731000
1963,North Carolina,4760000
1964,North Carolina,4852000
1965,North Carolina,4914000
1966,North Carolina,5000000
1967,North Carolina,5029000
1968,North Carolina,5135000
1969,North Carolina,5205000
1970,North Carolina,5082059
1971,North Carolina,5146000
1972,North Carolina,5214000
1973,North Carolina,5273000
1974,North Carolina,5363000
1975,North Carolina,5451000
1976,North Carolina,5469000
1977,North Carolina,5525000
1978,North Carolina,5577000
1979,North Carolina,5606000
1980,North Carolina,5843665
1981,North Carolina,5951000
1982,North Carolina,6019000
1983,North Carolina,6082000
1984,North Carolina,6165000
1985,North Carolina,6255000
1986,North Carolina,6331000
1987,North Carolina,6413000
1988,North Carolina,6526000
1989,North Carolina,6571000
1990,North Carolina,6628637
1991,North Carolina,6737000
1992,North Carolina,6843000
1993,North Carolina,6945000
1994,North Carolina,7070000
1995,North Carolina,7195000
1996,North Carolina,7323000
1997,North Carolina,7425000
1998,North Carolina,7546000
1999,North Carolina,7650789
2000,North Carolina,8049313
2001,North Carolina,8206105
2002,North Carolina,8305820
2003,North Carolina,8421190
2004,North Carolina,8540468
2005,North Carolina,8672459
2006,North Carolina,8856505
2007,North Carolina,9061032
2008,North Carolina,9247134
2009,North Carolina,9380884
2010,North Carolina,9560234
2011,North Carolina,9651103
2012,North Carolina,9752073
1960,North Dakota,632446
1961,North Dakota,640000
1962,North Dakota,642000
1963,North Dakota,634000
1964,North Dakota,645000
1965,North Dakota,652000
1966,North Dakota,650000
1967,North Dakota,639000
1968,North Dakota,625000
1969,North Dakota,615000
1970,North Dakota,617761
1971,North Dakota,625000
1972,North Dakota,632000
1973,North Dakota,640000
1974,North Dakota,637000
1975,North Dakota,635000
1976,North Dakota,643000
1977,North Dakota,653000
1978,North Dakota,652000
1979,North Dakota,657000
1980,North Dakota,652437
1981,North Dakota,658000
1982,North Dakota,670000
1983,North Dakota,680000
1984,North Dakota,686000
1985,North Dakota,685000
1986,North Dakota,679000
1987,North Dakota,672000
1988,North Dakota,663000
1989,North Dakota,660000
1990,North Dakota,638800
1991,North Dakota,635000
1992,North Dakota,636000
1993,North Dakota,635000
1994,North Dakota,638000
1995,North Dakota,641000
1996,North Dakota,644000
1997,North Dakota,641000
1998,North Dakota,638000
1999,North Dakota,633666
2000,North Dakota,642200
2001,North Dakota,636550
2002,North Dakota,633911
2003,North Dakota,633400
2004,North Dakota,636308
2005,North Dakota,634605
2006,North Dakota,635867
2007,North Dakota,639715
2008,North Dakota,641421
2009,North Dakota,646844
2010,North Dakota,674629
2011,North Dakota,684740
2012,North Dakota,699628
1960,Ohio,9706397
1961,Ohio,9876000
1962,Ohio,10097000
1963,Ohio,10173000
1964,Ohio,10100000
1965,Ohio,10245000
1966,Ohio,10305000
1967,Ohio,10458000
1968,Ohio,10591000
1969,Ohio,10740000
1970,Ohio,10652017
1971,Ohio,10778000
1972,Ohio,10783000
1973,Ohio,10731000
1974,Ohio,10737000
1975,Ohio,10759000
1976,Ohio,10690000
1977,Ohio,10701000
1978,Ohio,10749000
1979,Ohio,10731000
1980,Ohio,10766808
1981,Ohio,10776000
1982,Ohio,10791000
1983,Ohio,10746000
1984,Ohio,10752000
1985,Ohio,10744000
1986,Ohio,10752000
1987,Ohio,10784000
1988,Ohio,10872000
1989,Ohio,10907000
1990,Ohio,10847115
1991,Ohio,10939000
1992,Ohio,11016000
1993,Ohio,11091000
1994,Ohio,11102000
1995,Ohio,11151000
1996,Ohio,11173000
1997,Ohio,11186000
1998,Ohio,11209000
1999,Ohio,11256654
2000,Ohio,11353140
2001,Ohio,11389785
2002,Ohio,11408699
2003,Ohio,11437680
2004,Ohio,11450143
2005,Ohio,11470685
2006,Ohio,11478006
2007,Ohio,11466917
2008,Ohio,11528072
2009,Ohio,11542645
2010,Ohio,11537968
2011,Ohio,11541007
2012,Ohio,11544225
1960,Oklahoma,2328284
1961,Oklahoma,2360000
1962,Oklahoma,2448000
1963,Oklahoma,2487000
1964,Oklahoma,2465000
1965,Oklahoma,2482000
1966,Oklahoma,2458000
1967,Oklahoma,2495000
1968,Oklahoma,2518000
1969,Oklahoma,2568000
1970,Oklahoma,2559253
1971,Oklahoma,2610000
1972,Oklahoma,2634000
1973,Oklahoma,2663000
1974,Oklahoma,2709000
1975,Oklahoma,2712000
1976,Oklahoma,2766000
1977,Oklahoma,2811000
1978,Oklahoma,2880000
1979,Oklahoma,2892000
1980,Oklahoma,3001252
1981,Oklahoma,3098000
1982,Oklahoma,3177000
1983,Oklahoma,3298000
1984,Oklahoma,3298000
1985,Oklahoma,3301000
1986,Oklahoma,3305000
1987,Oklahoma,3272000
1988,Oklahoma,3263000
1989,Oklahoma,3224000
1990,Oklahoma,3145585
1991,Oklahoma,3175000
1992,Oklahoma,3212000
1993,Oklahoma,3231000
1994,Oklahoma,3258000
1995,Oklahoma,3278000
1996,Oklahoma,3301000
1997,Oklahoma,3317000
1998,Oklahoma,3347000
1999,Oklahoma,3358044
2000,Oklahoma,3450654
2001,Oklahoma,3469577
2002,Oklahoma,3489700
2003,Oklahoma,3506469
2004,Oklahoma,3523546
2005,Oklahoma,3543442
2006,Oklahoma,3579212
2007,Oklahoma,3617316
2008,Oklahoma,3644025
2009,Oklahoma,3687050
2010,Oklahoma,3760184
2011,Oklahoma,3784163
2012,Oklahoma,3814820
1960,Oregon,1768687
1961,Oregon,1799000
1962,Oregon,1864000
1963,Oregon,1826000
1964,Oregon,1871000
1965,Oregon,1899000
1966,Oregon,1955000
1967,Oregon,1999000
1968,Oregon,2008000
1969,Oregon,2032000
1970,Oregon,2091385
1971,Oregon,2158000
1972,Oregon,2182000
1973,Oregon,2225000
1974,Oregon,2266000
1975,Oregon,2288000
1976,Oregon,2329000
1977,Oregon,2376000
1978,Oregon,2444000
1979,Oregon,2527000
1980,Oregon,2610477
1981,Oregon,2647000
1982,Oregon,2649000
1983,Oregon,2662000
1984,Oregon,2674000
1985,Oregon,2687000
1986,Oregon,2698000
1987,Oregon,2724000
1988,Oregon,2741000
1989,Oregon,2820000
1990,Oregon,2842321
1991,Oregon,2922000
1992,Oregon,2977000
1993,Oregon,3032000
1994,Oregon,3086000
1995,Oregon,3141000
1996,Oregon,3204000
1997,Oregon,3243000
1998,Oregon,3282000
1999,Oregon,3316154
2000,Oregon,3421399
2001,Oregon,3473441
2002,Oregon,3520355
2003,Oregon,3564330
2004,Oregon,3591363
2005,Oregon,3638871
2006,Oregon,3700758
2007,Oregon,3747455
2008,Oregon,3782991
2009,Oregon,3825657
2010,Oregon,3838332
2011,Oregon,3868229
2012,Oregon,3899353
1960,Pennsylvania,11319366
1961,Pennsylvania,11468000
1962,Pennsylvania,11376000
1963,Pennsylvania,11424000
1964,Pennsylvania,11459000
1965,Pennsylvania,11520000
1966,Pennsylvania,11582000
1967,Pennsylvania,11629000
1968,Pennsylvania,11712000
1969,Pennsylvania,11803000
1970,Pennsylvania,11793909
1971,Pennsylvania,11879000
1972,Pennsylvania,11926000
1973,Pennsylvania,11902000
1974,Pennsylvania,11835000
1975,Pennsylvania,11827000
1976,Pennsylvania,11862000
1977,Pennsylvania,11785000
1978,Pennsylvania,11750000
1979,Pennsylvania,11731000
1980,Pennsylvania,11824220
1981,Pennsylvania,11864000
1982,Pennsylvania,11865000
1983,Pennsylvania,11895000
1984,Pennsylvania,11901000
1985,Pennsylvania,11853000
1986,Pennsylvania,11889000
1987,Pennsylvania,11936000
1988,Pennsylvania,12027000
1989,Pennsylvania,12040000
1990,Pennsylvania,11881643
1991,Pennsylvania,11961000
1992,Pennsylvania,12009000
1993,Pennsylvania,12048000
1994,Pennsylvania,12052000
1995,Pennsylvania,12072000
1996,Pennsylvania,12056000
1997,Pennsylvania,12020000
1998,Pennsylvania,12001000
1999,Pennsylvania,11994016
2000,Pennsylvania,12281054
2001,Pennsylvania,12303104
2002,Pennsylvania,12328827
2003,Pennsylvania,12370761
2004,Pennsylvania,12394471
2005,Pennsylvania,12405348
2006,Pennsylvania,12440621
2007,Pennsylvania,12432792
2008,Pennsylvania,12566368
2009,Pennsylvania,12604767
2010,Pennsylvania,12717722
2011,Pennsylvania,12743948
2012,Pennsylvania,12763536
1960,Rhode Island,859488
1961,Rhode Island,867000
1962,Rhode Island,865000
1963,Rhode Island,885000
1964,Rhode Island,914000
1965,Rhode Island,920000
1966,Rhode Island,898000
1967,Rhode Island,900000
1968,Rhode Island,913000
1969,Rhode Island,911000
1970,Rhode Island,949723
1971,Rhode Island,960000
1972,Rhode Island,968000
1973,Rhode Island,973000
1974,Rhode Island,937000
1975,Rhode Island,927000
1976,Rhode Island,927000
1977,Rhode Island,935000
1978,Rhode Island,935000
1979,Rhode Island,929000
1980,Rhode Island,945835
1981,Rhode Island,952000
1982,Rhode Island,958000
1983,Rhode Island,955000
1984,Rhode Island,962000
1985,Rhode Island,968000
1986,Rhode Island,975000
1987,Rhode Island,986000
1988,Rhode Island,995000
1989,Rhode Island,998000
1990,Rhode Island,1003464
1991,Rhode Island,1004000
1992,Rhode Island,1005000
1993,Rhode Island,1000000
1994,Rhode Island,997000
1995,Rhode Island,990000
1996,Rhode Island,990000
1997,Rhode Island,987000
1998,Rhode Island,988000
1999,Rhode Island,990819
2000,Rhode Island,1048319
2001,Rhode Island,1059659
2002,Rhode Island,1068326
2003,Rhode Island,1076084
2004,Rhode Island,1079916
2005,Rhode Island,1073579
2006,Rhode Island,1067610
2007,Rhode Island,1057832
2008,Rhode Island,1053502
2009,Rhode Island,1053209
2010,Rhode Island,1052528
2011,Rhode Island,1050646
2012,Rhode Island,1050292
1960,South Carolina,2382594
1961,South Carolina,2407000
1962,South Carolina,2436000
1963,South Carolina,2483000
1964,South Carolina,2555000
1965,South Carolina,2542000
1966,South Carolina,2586000
1967,South Carolina,2599000
1968,South Carolina,2692000
1969,South Carolina,2692000
1970,South Carolina,2590516
1971,South Carolina,2627000
1972,South Carolina,2665000
1973,South Carolina,2726000
1974,South Carolina,2784000
1975,South Carolina,2818000
1976,South Carolina,2848000
1977,South Carolina,2876000
1978,South Carolina,2918000
1979,South Carolina,2932000
1980,South Carolina,3064557
1981,South Carolina,3166000
1982,South Carolina,3203000
1983,South Carolina,3264000
1984,South Carolina,3300000
1985,South Carolina,3347000
1986,South Carolina,3378000
1987,South Carolina,3425000
1988,South Carolina,3493000
1989,South Carolina,3512000
1990,South Carolina,3486703
1991,South Carolina,3560000
1992,South Carolina,3603000
1993,South Carolina,3643000
1994,South Carolina,3664000
1995,South Carolina,3673000
1996,South Carolina,3699000
1997,South Carolina,3760000
1998,South Carolina,3836000
1999,South Carolina,3885736
2000,South Carolina,4012012
2001,South Carolina,4062125
2002,South Carolina,4103770
2003,South Carolina,4148744
2004,South Carolina,4197892
2005,South Carolina,4246933
2006,South Carolina,4321249
2007,South Carolina,4407709
2008,South Carolina,4503280
2009,South Carolina,4561242
2010,South Carolina,4637106
2011,South Carolina,4673348
2012,South Carolina,4723723
1960,South Dakota,680514
1961,South Dakota,690000
1962,South Dakota,721000
1963,South Dakota,737000
1964,South Dakota,715000
1965,South Dakota,703000
1966,South Dakota,682000
1967,South Dakota,674000
1968,South Dakota,657000
1969,South Dakota,659000
1970,South Dakota,666257
1971,South Dakota,670000
1972,South Dakota,679000
1973,South Dakota,685000
1974,South Dakota,682000
1975,South Dakota,683000
1976,South Dakota,686000
1977,South Dakota,689000
1978,South Dakota,690000
1979,South Dakota,689000
1980,South Dakota,688217
1981,South Dakota,685000
1982,South Dakota,691000
1983,South Dakota,700000
1984,South Dakota,706000
1985,South Dakota,708000
1986,South Dakota,708000
1987,South Dakota,709000
1988,South Dakota,715000
1989,South Dakota,715000
1990,South Dakota,696004
1991,South Dakota,703000
1992,South Dakota,711000
1993,South Dakota,715000
1994,South Dakota,721000
1995,South Dakota,729000
1996,South Dakota,732000
1997,South Dakota,738000
1998,South Dakota,738000
1999,South Dakota,733133
2000,South Dakota,754844
2001,South Dakota,758324
2002,South Dakota,760437
2003,South Dakota,764905
2004,South Dakota,770621
2005,South Dakota,774883
2006,South Dakota,781919
2007,South Dakota,796214
2008,South Dakota,804532
2009,South Dakota,812383
2010,South Dakota,816598
2011,South Dakota,823593
2012,South Dakota,833354
1960,Tennessee,3567089
1961,Tennessee,3615000
1962,Tennessee,3634000
1963,Tennessee,3694000
1964,Tennessee,3798000
1965,Tennessee,3845000
1966,Tennessee,3883000
1967,Tennessee,3892000
1968,Tennessee,3976000
1969,Tennessee,3985000
1970,Tennessee,3924164
1971,Tennessee,3990000
1972,Tennessee,4031000
1973,Tennessee,4126000
1974,Tennessee,4129000
1975,Tennessee,4188000
1976,Tennessee,4214000
1977,Tennessee,4299000
1978,Tennessee,4357000
1979,Tennessee,4380000
1980,Tennessee,4545590
1981,Tennessee,4610000
1982,Tennessee,4651000
1983,Tennessee,4685000
1984,Tennessee,4717000
1985,Tennessee,4762000
1986,Tennessee,4803000
1987,Tennessee,4855000
1988,Tennessee,4919000
1989,Tennessee,4940000
1990,Tennessee,4877185
1991,Tennessee,4953000
1992,Tennessee,5024000
1993,Tennessee,5099000
1994,Tennessee,5175000
1995,Tennessee,5256000
1996,Tennessee,5320000
1997,Tennessee,5368000
1998,Tennessee,5431000
1999,Tennessee,5483535
2000,Tennessee,5689283
2001,Tennessee,5749398
2002,Tennessee,5789796
2003,Tennessee,5845208
2004,Tennessee,5893298
2005,Tennessee,5955745
2006,Tennessee,6038803
2007,Tennessee,6156719
2008,Tennessee,6240456
2009,Tennessee,6296254
2010,Tennessee,6357436
2011,Tennessee,6399787
2012,Tennessee,6456243
1960,Texas,9579677
1961,Texas,9788000
1962,Texas,10116000
1963,Texas,10323000
1964,Texas,10397000
1965,Texas,10551000
1966,Texas,10752000
1967,Texas,10869000
1968,Texas,10972000
1969,Texas,11187000
1970,Texas,11196000
1971,Texas,11460000
1972,Texas,11649000
1973,Texas,11794000
1974,Texas,12050000
1975,Texas,12237000
1976,Texas,12487000
1977,Texas,12830000
1978,Texas,13014000
1979,Texas,13385000
1980,Texas,14169829
1981,Texas,14755000
1982,Texas,15280000
1983,Texas,15724000
1984,Texas,15989000
1985,Texas,16370000
1986,Texas,16682000
1987,Texas,16789000
1988,Texas,16780000
1989,Texas,16991000
1990,Texas,16986510
1991,Texas,17349000
1992,Texas,17656000
1993,Texas,18031000
1994,Texas,18378000
1995,Texas,18724000
1996,Texas,19128000
1997,Texas,19439000
1998,Texas,19760000
1999,Texas,20044141
2000,Texas,20851820
2001,Texas,21370983
2002,Texas,21736925
2003,Texas,22103374
2004,Texas,22471549
2005,Texas,22928508
2006,Texas,23507783
2007,Texas,23904380
2008,Texas,24304290
2009,Texas,24782302
2010,Texas,25253466
2011,Texas,25631778
2012,Texas,26059203
1960,Utah,890627
1961,Utah,916000
1962,Utah,967000
1963,Utah,983000
1964,Utah,992000
1965,Utah,990000
1966,Utah,1008000
1967,Utah,1024000
1968,Utah,1034000
1969,Utah,1045000
1970,Utah,1059273
1971,Utah,1099000
1972,Utah,1126000
1973,Utah,1157000
1974,Utah,1173000
1975,Utah,1206000
1976,Utah,1228000
1977,Utah,1268000
1978,Utah,1307000
1979,Utah,1367000
1980,Utah,1458729
1981,Utah,1516000
1982,Utah,1554000
1983,Utah,1619000
1984,Utah,1652000
1985,Utah,1645000
1986,Utah,1665000
1987,Utah,1680000
1988,Utah,1691000
1989,Utah,1707000
1990,Utah,1722850
1991,Utah,1770000
1992,Utah,1813000
1993,Utah,1860000
1994,Utah,1908000
1995,Utah,1951000
1996,Utah,2000000
1997,Utah,2059000
1998,Utah,2100000
1999,Utah,2129836
2000,Utah,2233169
2001,Utah,2278712
2002,Utah,2318789
2003,Utah,2352119
2004,Utah,2420708
2005,Utah,2490334
2006,Utah,2550063
2007,Utah,2643330
2008,Utah,2727343
2009,Utah,2784572
2010,Utah,2775479
2011,Utah,2814347
2012,Utah,2855287
1960,Vermont,389881
1961,Vermont,395000
1962,Vermont,390000
1963,Vermont,390000
1964,Vermont,409000
1965,Vermont,397000
1966,Vermont,405000
1967,Vermont,417000
1968,Vermont,422000
1969,Vermont,439000
1970,Vermont,444732
1971,Vermont,458000
1972,Vermont,462000
1973,Vermont,464000
1974,Vermont,470000
1975,Vermont,471000
1976,Vermont,476000
1977,Vermont,483000
1978,Vermont,487000
1979,Vermont,493000
1980,Vermont,511299
1981,Vermont,515000
1982,Vermont,516000
1983,Vermont,525000
1984,Vermont,530000
1985,Vermont,535000
1986,Vermont,541000
1987,Vermont,548000
1988,Vermont,556000
1989,Vermont,567000
1990,Vermont,562758
1991,Vermont,567000
1992,Vermont,570000
1993,Vermont,576000
1994,Vermont,580000
1995,Vermont,585000
1996,Vermont,589000
1997,Vermont,589000
1998,Vermont,591000
1999,Vermont,593740
2000,Vermont,608827
2001,Vermont,612978
2002,Vermont,616408
2003,Vermont,619343
2004,Vermont,621233
2005,Vermont,622387
2006,Vermont,623908
2007,Vermont,621254
2008,Vermont,621049
2009,Vermont,621760
2010,Vermont,625909
2011,Vermont,626592
2012,Vermont,626011
1960,Virginia,3966949
1961,Virginia,4059000
1962,Virginia,4177000
1963,Virginia,4331000
1964,Virginia,4378000
1965,Virginia,4457000
1966,Virginia,4507000
1967,Virginia,4536000
1968,Virginia,4597000
1969,Virginia,4669000
1970,Virginia,4648494
1971,Virginia,4714000
1972,Virginia,4764000
1973,Virginia,4811000
1974,Virginia,4908000
1975,Virginia,4967000
1976,Virginia,5032000
1977,Virginia,5135000
1978,Virginia,5148000
1979,Virginia,5197000
1980,Virginia,5323412
1981,Virginia,5426000
1982,Virginia,5491000
1983,Virginia,5550000
1984,Virginia,5636000
1985,Virginia,5706000
1986,Virginia,5787000
1987,Virginia,5904000
1988,Virginia,5996000
1989,Virginia,6098000
1990,Virginia,6187358
1991,Virginia,6286000
1992,Virginia,6377000
1993,Virginia,6491000
1994,Virginia,6552000
1995,Virginia,6618000
1996,Virginia,6675000
1997,Virginia,6734000
1998,Virginia,6791000
1999,Virginia,6872912
2000,Virginia,7078515
2001,Virginia,7196750
2002,Virginia,7287829
2003,Virginia,7365284
2004,Virginia,7481332
2005,Virginia,7564327
2006,Virginia,7642884
2007,Virginia,7712091
2008,Virginia,7795424
2009,Virginia,7882590
2010,Virginia,8023953
2011,Virginia,8104384
2012,Virginia,8185867
1960,Washington,2853214
1961,Washington,2902000
1962,Washington,3006000
1963,Washington,3050000
1964,Washington,2984000
1965,Washington,2990000
1966,Washington,2980000
1967,Washington,3087000
1968,Washington,3276000
1969,Washington,3402000
1970,Washington,3409169
1971,Washington,3449000
1972,Washington,3443000
1973,Washington,3429000
1974,Washington,3476000
1975,Washington,3544000
1976,Washington,3612000
1977,Washington,3658000
1978,Washington,3774000
1979,Washington,3926000
1980,Washington,4113331
1981,Washington,4212000
1982,Washington,4245000
1983,Washington,4300000
1984,Washington,4349000
1985,Washington,4409000
1986,Washington,4463000
1987,Washington,4538000
1988,Washington,4619000
1989,Washington,4761000
1990,Washington,4866692
1991,Washington,5018000
1992,Washington,5136000
1993,Washington,5255000
1994,Washington,5343000
1995,Washington,5431000
1996,Washington,5533000
1997,Washington,5610000
1998,Washington,5689000
1999,Washington,5756361
2000,Washington,5894121
2001,Washington,5993390
2002,Washington,6067060
2003,Washington,6131298
2004,Washington,6207046
2005,Washington,6291899
2006,Washington,6396798
2007,Washington,6468424
2008,Washington,6566073
2009,Washington,6664195
2010,Washington,6742950
2011,Washington,6823267
2012,Washington,6897012
1960,Washington D. C.,763956
1961,Washington D. C.,763956
1962,Washington D. C.,784000
1963,Washington D. C.,798000
1964,Washington D. C.,808000
1965,Washington D. C.,803000
1966,Washington D. C.,808000
1967,Washington D. C.,809000
1968,Washington D. C.,809000
1969,Washington D. C.,798000
1970,Washington D. C.,756510
1971,Washington D. C.,741000
1972,Washington D. C.,748000
1973,Washington D. C.,746000
1974,Washington D. C.,723000
1975,Washington D. C.,716000
1976,Washington D. C.,702000
1977,Washington D. C.,690000
1978,Washington D. C.,674000
1979,Washington D. C.,656000
1980,Washington D. C.,635233
1981,Washington D. C.,636000
1982,Washington D. C.,631000
1983,Washington D. C.,623000
1984,Washington D. C.,623000
1985,Washington D. C.,626000
1986,Washington D. C.,626000
1987,Washington D. C.,622000
1988,Washington D. C.,620000
1989,Washington D. C.,604000
1990,Washington D. C.,606900
1991,Washington D. C.,598000
1992,Washington D. C.,589000
1993,Washington D. C.,578000
1994,Washington D. C.,570000
1995,Washington D. C.,554000
1996,Washington D. C.,543000
1997,Washington D. C.,529000
1998,Washington D. C.,523000
1999,Washington D. C.,519000
2000,Washington D. C.,572059
2001,Washington D. C.,573822
2002,Washington D. C.,569157
2003,Washington D. C.,557620
2004,Washington D. C.,554239
2005,Washington D. C.,582049
2006,Washington D. C.,581530
2007,Washington D. C.,588292
2008,Washington D. C.,590074
2009,Washington D. C.,599657
2010,Washington D. C.,604912
2011,Washington D. C.,619020
2012,Washington D. C.,632323
1960,West Virginia,1860421
1961,West Virginia,1850000
1962,West Virginia,1773000
1963,West Virginia,1778000
1964,West Virginia,1797000
1965,West Virginia,1812000
1966,West Virginia,1794000
1967,West Virginia,1798000
1968,West Virginia,1805000
1969,West Virginia,1819000
1970,West Virginia,1744237
1971,West Virginia,1752000
1972,West Virginia,1781000
1973,West Virginia,1794000
1974,West Virginia,1791000
1975,West Virginia,1803000
1976,West Virginia,1821000
1977,West Virginia,1859000
1978,West Virginia,1860000
1979,West Virginia,1878000
1980,West Virginia,1930787
1981,West Virginia,1951000
1982,West Virginia,1948000
1983,West Virginia,1965000
1984,West Virginia,1952000
1985,West Virginia,1936000
1986,West Virginia,1919000
1987,West Virginia,1897000
1988,West Virginia,1884000
1989,West Virginia,1857000
1990,West Virginia,1793477
1991,West Virginia,1801000
1992,West Virginia,1812000
1993,West Virginia,1820000
1994,West Virginia,1822000
1995,West Virginia,1828000
1996,West Virginia,1826000
1997,West Virginia,1816000
1998,West Virginia,1811000
1999,West Virginia,1806928
2000,West Virginia,1808344
2001,West Virginia,1800975
2002,West Virginia,1804884
2003,West Virginia,1811440
2004,West Virginia,1812548
2005,West Virginia,1814083
2006,West Virginia,1818470
2007,West Virginia,1812035
2008,West Virginia,1814873
2009,West Virginia,1819777
2010,West Virginia,1854368
2011,West Virginia,1854908
2012,West Virginia,1855413
1960,Wisconsin,3951777
1961,Wisconsin,4022000
1962,Wisconsin,4092000
1963,Wisconsin,4061000
1964,Wisconsin,4107000
1965,Wisconsin,4144000
1966,Wisconsin,4161000
1967,Wisconsin,4189000
1968,Wisconsin,4213000
1969,Wisconsin,4233000
1970,Wisconsin,4417933
1971,Wisconsin,4476000
1972,Wisconsin,4520000
1973,Wisconsin,4569000
1974,Wisconsin,4566000
1975,Wisconsin,4607000
1976,Wisconsin,4609000
1977,Wisconsin,4651000
1978,Wisconsin,4679000
1979,Wisconsin,4720000
1980,Wisconsin,4680917
1981,Wisconsin,4739000
1982,Wisconsin,4765000
1983,Wisconsin,4751000
1984,Wisconsin,4766000
1985,Wisconsin,4775000
1986,Wisconsin,4785000
1987,Wisconsin,4807000
1988,Wisconsin,4858000
1989,Wisconsin,4867000
1990,Wisconsin,4891769
1991,Wisconsin,4955000
1992,Wisconsin,5007000
1993,Wisconsin,5038000
1994,Wisconsin,5082000
1995,Wisconsin,5123000
1996,Wisconsin,5160000
1997,Wisconsin,5170000
1998,Wisconsin,5224000
1999,Wisconsin,5250446
2000,Wisconsin,5363675
2001,Wisconsin,5405947
2002,Wisconsin,5439692
2003,Wisconsin,5474290
2004,Wisconsin,5503533
2005,Wisconsin,5527644
2006,Wisconsin,5556506
2007,Wisconsin,5601604
2008,Wisconsin,5627610
2009,Wisconsin,5654774
2010,Wisconsin,5691659
2011,Wisconsin,5709843
2012,Wisconsin,5726398
1960,Wyoming,330066
1961,Wyoming,338000
1962,Wyoming,365000
1963,Wyoming,337000
1964,Wyoming,343000
1965,Wyoming,340000
1966,Wyoming,329000
1967,Wyoming,315000
1968,Wyoming,315000
1969,Wyoming,320000
1970,Wyoming,332416
1971,Wyoming,340000
1972,Wyoming,345000
1973,Wyoming,353000
1974,Wyoming,359000
1975,Wyoming,374000
1976,Wyoming,390000
1977,Wyoming,406000
1978,Wyoming,424000
1979,Wyoming,450000
1980,Wyoming,468954
1981,Wyoming,492000
1982,Wyoming,502000
1983,Wyoming,514000
1984,Wyoming,511000
1985,Wyoming,509000
1986,Wyoming,507000
1987,Wyoming,490000
1988,Wyoming,471000
1989,Wyoming,475000
1990,Wyoming,453588
1991,Wyoming,460000
1992,Wyoming,466000
1993,Wyoming,470000
1994,Wyoming,476000
1995,Wyoming,480000
1996,Wyoming,481000
1997,Wyoming,480000
1998,Wyoming,481000
1999,Wyoming,479602
2000,Wyoming,493782
2001,Wyoming,493754
2002,Wyoming,498830
2003,Wyoming,502111
2004,Wyoming,505887
2005,Wyoming,508798
2006,Wyoming,515004
2007,Wyoming,522830
2008,Wyoming,532981
2009,Wyoming,544270
2010,Wyoming,564554
2011,Wyoming,567356
2012,Wyoming,576412